category_en,n_items,n_orders,revenue_sum,revenue_share,freight_sum,mean_freight_ratio,late_items,late_rate_items,avg_review_items,reviewed_items_n,avg_weight_g,single_cat_orders,single_cat_late_rate
health_beauty,9465,8647,1258681.34,0.09260699940214003,182566.73,0.19905725402061752,716,0.07564712097200212,4.18932142097426,9402,1048.7663908996897,8576,0.07555970149253731
watches_gifts,5857,5493,1205005.68,0.08865783319496523,100535.93,0.13128640494075694,422,0.07205053781799556,4.071391708240151,5813,580.9766316140878,5453,0.07445442875481387
bed_bath_table,10953,9272,1036988.68,0.07629604651864146,204693.04,0.20313646978748104,770,0.0703003743266685,3.9248453513064354,10831,2116.753396311291,9069,0.07542176645716175
sports_leisure,8430,7529,988048.97,0.07269532602594637,168607.51,0.20358326407166036,532,0.0631079478054567,4.164975528232064,8377,1743.06156694827,7457,0.0661123776317554
computers_accessories,7643,6529,911954.32,0.06709669118239173,147318.08,0.20281444422066977,496,0.06489598325264949,3.989088996976469,7607,902.5091350453558,6478,0.06437171966656376
furniture_decor,8160,6307,729762.49,0.05369199679653168,172749.3,0.23268252012951512,574,0.07034313725490196,3.956559405940594,8080,2653.128869690425,6103,0.07307881369818123
cool_stuff,3718,3559,635290.85,0.04674128192456958,84039.1,0.16307117747832,217,0.05836471221086606,4.194632691786392,3689,2548.9712855637513,3492,0.05956471935853379
housewares,6795,5743,632248.66,0.046517453955918525,146149.11,0.2516132217408887,340,0.05003679175864607,4.107904085257549,6756,3214.587880528432,5627,0.05455837924293584
auto,4139,3809,592720.11,0.043609155969855214,92664.21,0.21483969962983493,291,0.07030683740033825,4.115910200097608,4098,2594.1482880755607,3773,0.07368142062019613
garden_tools,4268,3448,485256.46,0.03570255891860968,98962.75,0.23024994763211865,280,0.06560449859418932,4.083254716981132,4240,2824.0848861283644,3377,0.06662718389102754
toys,4029,3803,483946.6,0.03560618646882275,77425.95,0.18902386891609751,256,0.06353933978654754,4.208104052026013,3998,1857.3684721884867,3752,0.06423240938166311
baby,2982,2809,411764.89,0.030295444692977055,68353.11,0.2054952383013622,229,0.07679409792085848,4.078404866508956,2959,3273.4050261096604,2716,0.08247422680412371
perfumery,3340,3086,399124.87,0.029365460043659034,54213.84,0.1833054094814527,217,0.06497005988023952,4.21898468008411,3329,480.1263527347177,3059,0.06603465184700882
telephony,4430,4093,323667.52999999997,0.023813715040219896,71215.79,0.3000356988602427,308,0.06952595936794582,3.9943233424159854,4404,261.6222222222222,4066,0.07156910969011314
office_furniture,1668,1254,273960.7,0.020156553986181967,68571.95,0.2050502220535678,133,0.07973621103117506,3.516324062877872,1654,11390.454169130691,1239,0.08151735270379339
stationery,2466,2264,230943.23,0.016991560042145602,46798.48,0.21574090009272,167,0.06772100567721005,4.246838025295798,2451,2751.5148986889153,2231,0.06633796503809951
computers,199,177,222963.13,0.016404427229062813,9836.3,0.05173073347155728,10,0.05025125628140704,4.219387755102041,196,7216.79802955665,176,0.056818181818181816
pet_shop,1924,1688,214315.41,0.01576817452917781,39561.24,0.20677139524541935,95,0.04937629937629938,4.216710182767624,1915,2924.5403184386237,1673,0.049611476389719064
musical_instruments,651,611,191498.88,0.014089457038959903,18638.49,0.17439180343686483,48,0.07373271889400922,4.221705426356589,645,3095.845588235294,603,0.07628524046434494
small_appliances,658,609,190648.58,0.014026896540850316,16020.25,0.17714882121950176,30,0.04559270516717325,4.226646248085758,653,2992.1958762886597,603,0.04809286898839138
Unknown / untranslated,1559,1412,185049.76,0.013614965495306504,28613.14,0.21231525237759263,116,0.07440667094291212,3.9327731092436973,1547,1664.378260869565,1351,0.07105847520355292
electronics,2729,2517,160246.74,0.011790092761186787,46578.32,0.3580703305138374,207,0.07585196042506413,4.067158671586716,2710,780.7940007228045,2494,0.07698476343223737
consoles_games,1089,1018,157465.22,0.011585443488339826,19828.02,0.2320003322395192,64,0.05876951331496786,4.139017608897127,1079,450.22251539138085,1010,0.061386138613861385
fashion_bags_accessories,1985,1820,152823.54,0.011243933653146014,31450.0,0.23033777979979866,105,0.05289672544080604,4.193417721518987,1975,381.3087149187592,1801,0.0555247084952804
construction_tools_construction,916,736,144677.59,0.010644598489585187,20650.41,0.2036979651830106,58,0.06331877729257641,4.088913282107574,911,3119.390742734123,719,0.07510431154381085
luggage_accessories,1077,1019,140429.98,0.010332082204303223,30445.23,0.19559044273710832,45,0.04178272980501393,4.352283317800559,1073,5774.545787545788,1004,0.04282868525896414
home_appliances_2,231,227,113317.74,0.008337309489653558,10600.18,0.14868636032024102,14,0.06060606060606061,4.156521739130435,230,8957.57142857143,226,0.061946902654867256
home_construction,596,483,83088.12,0.006113176730787903,13832.24,0.1894775288311897,35,0.0587248322147651,3.95777027027027,592,3051.4718543046356,457,0.06345733041575492
home_appliances,754,747,80171.53,0.005898589734220299,14818.9,0.25267294164249793,34,0.04509283819628647,4.226364846870839,751,1933.6070038910507,747,0.04417670682730924
agro_industry_and_commerce,206,177,72530.47,0.005336401659793363,5843.6,0.17480547528984422,7,0.03398058252427184,4.087378640776699,206,3625.1132075471696,177,0.03954802259887006
furniture_living_room,495,414,68916.56,0.00507050961025413,17968.170000000002,0.23200148709020033,35,0.0707070707070707,3.9346938775510205,490,8092.532803180915,398,0.07788944723618091
fixed_telephony,255,212,59583.0,0.004383796494017865,4637.81,0.22998471268751292,10,0.0392156862745098,3.757936507936508,252,565.344696969697,210,0.047619047619047616
home_confort,429,392,58572.04,0.004309415497700253,8501.23,0.15972501807278458,40,0.09324009324009325,3.8618266978922717,427,3114.400921658986,342,0.1023391812865497
air_conditioning,289,246,55024.96,0.004048440439915299,6749.23,0.15868429531742148,11,0.03806228373702422,4.052816901408451,284,4118.016835016835,244,0.040983606557377046
audio,362,348,50688.5,0.0037293870497797114,5710.44,0.20790108094106013,42,0.11602209944751381,3.835195530726257,358,1218.423076923077,342,0.11988304093567251
small_appliances_home_oven_and_coffee,73,72,47445.71,0.0034908000126577777,2747.86,0.12205704014921095,4,0.0547945205479452,4.438356164383562,73,5074.894736842105,72,0.05555555555555555
books_general_interest,536,495,46856.88,0.003447477070047091,9195.52,0.23771902542694043,33,0.061567164179104475,4.511278195488722,532,760.5244122965642,490,0.0653061224489796
kitchen_dining_laundry_garden_furniture,274,241,46328.37,0.003408592148424256,11999.43,0.24295682023816711,12,0.043795620437956206,4.033088235294118,272,8852.850533807828,235,0.04680851063829787
construction_tools_lights,301,242,41080.0,0.0030224453279333687,7583.8,0.1905070433524623,22,0.07308970099667775,4.082191780821918,292,3370.6085526315787,224,0.06696428571428571
construction_tools_safety,183,159,40544.52,0.0029830475912195962,3919.1,0.16482958382091792,5,0.0273224043715847,3.967032967032967,182,798.639175257732,152,0.02631578947368421
industry_commerce_and_business,264,231,39669.61,0.0029186764217487547,7884.68,0.20623793874897026,17,0.06439393939393939,4.1226053639846745,261,6663.6529850746265,227,0.07048458149779736
food,499,441,29393.41,0.0021626089271307193,7271.03,0.2380746939422002,35,0.07014028056112225,4.262833675564682,487,658.1156862745098,433,0.07159353348729793
market_place,305,274,28378.47,0.0020879351038314816,5456.06,0.2231909131640077,11,0.036065573770491806,4.072607260726072,303,1119.331189710611,262,0.04198473282442748
costruction_tools_garden,232,190,25715.89,0.0018920367961087739,5311.4,0.2677417575948134,13,0.05603448275862069,4.116379310344827,232,2305.5336134453783,178,0.056179775280898875
art,197,195,24202.64,0.0017807000046653667,4045.17,0.2049533219778188,12,0.06091370558375635,4.082051282051282,195,1557.5454545454545,189,0.06349206349206349
fashion_shoes,257,235,23562.77,0.001733621813526498,4918.87,0.21283007683861335,11,0.042801556420233464,4.300395256916996,253,1041.2213740458014,233,0.04721030042918455
drinks,361,287,22428.7,0.0016501830459254904,5741.25,0.2691449121342695,16,0.0443213296398892,4.119113573407202,361,1052.3482849604222,279,0.053763440860215055
signaling_and_security,197,138,21509.23,0.0015825333914543391,6507.820000000001,0.2850450292281123,8,0.04060913705583756,4.091836734693878,196,3886.7236180904524,137,0.043795620437956206
furniture_bedroom,103,90,20028.78,0.0014736098474976945,4632.23,0.2264899164564664,7,0.06796116504854369,4.252427184466019,103,9989.220183486239,87,0.06896551724137931
books_technical,263,256,19096.06,0.0014049853293314335,4283.06,0.23611214399144284,21,0.07984790874524715,4.3893129770992365,262,1014.4606741573034,252,0.08333333333333333
costruction_tools_tools,103,97,15903.95,0.0011701270538750218,2030.22,0.23403053573052732,6,0.05825242718446602,4.444444444444445,99,1161.7669902912621,97,0.061855670103092786
food_drink,269,221,15179.48,0.0011168244500111492,4507.99,0.30357357394493734,11,0.040892193308550186,4.364312267657993,269,1104.6546762589928,217,0.03686635944700461
fashion_male_clothing,125,106,10797.82,0.0007944454871194129,2152.41,0.19942523819625663,7,0.056,3.7580645161290325,124,579.7348484848485,106,0.04716981132075472
fashion_underwear_beach,127,117,9541.55,0.000702015901137844,1916.19,0.24302952148109627,12,0.09448818897637795,4.0476190476190474,126,276.14503816793894,117,0.09401709401709402
christmas_supplies,150,125,8800.82,0.0006475169739771798,3229.2999999999997,0.3380065367749158,15,0.1,4.06993006993007,143,1893.7124183006536,124,0.08064516129032258
tablets_printing_image,83,79,7528.41,0.0005538998936530392,1226.2,0.16680624387520177,5,0.060240963855421686,4.1234567901234565,81,307.09638554216866,76,0.05263157894736842
cine_photo,70,63,6933.46,0.0005101266743771396,1256.2,0.23106758975943642,4,0.05714285714285714,4.285714285714286,70,1160.861111111111,61,0.06557377049180328
music,38,38,6034.35,0.0004439749991386252,690.51,0.24494583743612713,2,0.05263157894736842,4.2105263157894735,38,1688.1052631578948,36,0.05555555555555555
dvds_blu_ray,61,56,5999.39,0.00044140283047590487,1288.74,0.4037222468794503,4,0.06557377049180328,4.180327868852459,61,487.734375,54,0.07407407407407407
books_imported,57,50,4639.85,0.00034137519364195814,769.85,0.18183093651689516,2,0.03508771929824561,4.508771929824562,57,625.8333333333334,49,0.02040816326530612
party_supplies,42,38,4485.18,0.00032999540739873874,827.97,0.2421736215038221,0,0.0,3.8333333333333335,42,1997.6744186046512,37,0.0
furniture_mattress_and_upholstery,37,37,4368.08,0.0003213798195725216,1630.46,0.304799935441838,5,0.13513513513513514,3.891891891891892,37,7557.894736842105,37,0.13513513513513514
fashio_female_clothing,45,36,2803.64,0.00020627674340815746,621.75,0.2124318037647367,3,0.06666666666666667,3.933333333333333,45,553.125,35,0.05714285714285714
fashion_sport,29,26,2119.51,0.00015594213965452908,578.13,0.22710948191554306,1,0.034482758620689655,4.344827586206897,29,340.0,24,0.041666666666666664
la_cuisine,14,13,2054.99,0.0001511951052689823,333.55,0.1519160612138911,0,0.0,4.0,13,3685.714285714286,11,0.0
arts_and_craftmanship,24,23,1814.01,0.00013346509370312584,370.13,0.2417231614097062,1,0.041666666666666664,4.125,24,1369.875,21,0.047619047619047616
diapers_and_hygiene,37,25,1567.59,0.00011533483621263556,573.68,0.2851740703591182,0,0.0,3.3783783783783785,37,665.3846153846154,25,0.0
flowers,33,29,1110.04,8.167076951847995e-05,488.87,0.33909977623777454,1,0.030303030303030304,4.419354838709677,31,1834.8484848484848,27,0.037037037037037035
home_comfort_2,30,24,760.27,5.593657520613199e-05,410.31,0.4585644323356948,4,0.13333333333333333,3.6296296296296298,27,827.9333333333333,22,0.13636363636363635
cds_dvds_musicals,14,12,730.0,5.370947150417135e-05,224.98999999999998,0.2274966278445937,0,0.0,4.642857142857143,14,550.0,12,0.0
fashion_childrens_clothes,7,7,569.85,4.192649635157814e-05,95.51,0.1601995483191218,0,0.0,5.0,7,265.0,5,0.0
security_and_services,2,2,283.28999999999996,2.0842953674543424e-05,41.22,0.12854510716512532,0,0.0,2.5,2,812.5,2,0.0
