cohort_month,n_customers,n_eligible_12m,n_repeat_12m,repeat_12m_rate,n_3plus_12m,median_days_to_second,note
2017-01,764,764,48,0.062827,9,1.0,
2017-02,1752,1752,62,0.035388,4,88.0,
2017-03,2636,2636,113,0.042868,14,65.0,
2017-04,2352,2352,99,0.042092,8,84.0,
2017-05,3596,3596,182,0.050612,25,50.5,
2017-06,3139,3139,162,0.051609,11,63.0,
2017-07,3894,3894,178,0.045711,18,37.5,
2017-08,4184,4184,197,0.047084,25,45.0,
2017-09,4130,4130,190,0.046005,19,47.0,
2017-10,4470,2314,80,0.034572,10,36.5,Oct truncated to first_date≤2017-10-17; 2156 post-cutoff first-purchasers censored
