decile,n_sellers,revenue_sum,revenue_share,delivered_orders,delivered_orders_share,late_orders,late_orders_share,order_weighted_late_rate,median_seller_late_rate,order_weighted_review_mean,median_seller_review
D1,310,9183174.76,67.564858,59817,61.155698,4134,63.143424,0.069111,0.061019,4.112856,4.184226
D2,309,2055983.47,15.12682,16022,16.380571,974,14.877043,0.060791,0.047619,4.16339,4.191199
D3,310,1035757.79,7.620548,9120,9.324105,651,9.943486,0.071382,0.0482,4.13298,4.19398
D4,309,549917.43,4.045997,4589,4.691701,309,4.719719,0.067335,0.04,4.217172,4.272727
D5,310,329944.18,2.427552,3024,3.091677,178,2.718803,0.058862,0.0,4.233732,4.333333
D6,309,202961.64,1.493283,1978,2.022267,110,1.680159,0.055612,0.0,4.211089,4.263158
D7,309,116884.68,0.859975,1513,1.546861,79,1.20666,0.052214,0.0,4.280585,4.436508
D8,310,67209.73,0.494493,839,0.857777,54,0.824805,0.064362,0.0,4.218225,4.5
D9,309,36112.91,0.265699,573,0.585824,41,0.626241,0.071553,0.0,4.21366,4.666667
D10,310,13697.11,0.100776,336,0.34352,17,0.259661,0.050595,0.0,4.191617,5.0
